{"cameraMode":{"drawMode":0,"name":"Shaded","section":"Shading Mode"},"sceneLighting":false,"audioPlay":false,"sceneViewState":{"m_AlwaysRefresh":false,"showFog":true,"showSkybox":false,"showFlares":true,"showImageEffects":true,"showParticleSystems":true,"showVisualEffectGraphs":true,"m_FxEnabled":true},"in2DMode":false,"pivot":{"x":-1.1028039455413819,"y":0.13713911175727845,"z":-2.6547646522521974},"rotation":{"x":0.48441359400749209,"y":0.1187005490064621,"z":-0.06653616577386856,"w":0.8641924262046814},"size":0.7316756844520569,"orthographic":true}