{"cameraMode":{"drawMode":0,"name":"Shaded","section":"Shading Mode"},"sceneLighting":false,"audioPlay":false,"sceneViewState":{"m_AlwaysRefresh":false,"showFog":true,"showSkybox":false,"showFlares":true,"showImageEffects":true,"showParticleSystems":true,"showVisualEffectGraphs":true,"m_FxEnabled":true},"in2DMode":false,"pivot":{"x":13.618827819824219,"y":2.2409706115722658,"z":-1.2804200649261475},"rotation":{"x":0.00012001674622297287,"y":0.9993767738342285,"z":-0.03539115935564041,"w":0.003293914720416069},"size":6.016561031341553,"orthographic":true}