{"cameraMode":{"drawMode":0,"name":"Shaded","section":"Shading Mode"},"sceneLighting":false,"audioPlay":false,"sceneViewState":{"m_AlwaysRefresh":false,"showFog":true,"showSkybox":false,"showFlares":true,"showImageEffects":true,"showParticleSystems":true,"showVisualEffectGraphs":true,"m_FxEnabled":true},"in2DMode":false,"pivot":{"x":8.897195816040039,"y":1.971980094909668,"z":3.936913013458252},"rotation":{"x":0.03836728632450104,"y":-0.24624334275722505,"z":0.009755545295774937,"w":0.9684057831764221},"size":2.9746034145355226,"orthographic":true}