{"cameraMode":{"drawMode":0,"name":"Shaded","section":"Shading Mode"},"sceneLighting":false,"audioPlay":false,"sceneViewState":{"m_AlwaysRefresh":false,"showFog":true,"showSkybox":false,"showFlares":true,"showImageEffects":true,"showParticleSystems":true,"showVisualEffectGraphs":true,"m_FxEnabled":true},"in2DMode":false,"pivot":{"x":-11.102804183959961,"y":1.968697190284729,"z":3.911526679992676},"rotation":{"x":0.09909499436616898,"y":-0.20300938189029694,"z":0.020654987543821336,"w":0.9739351272583008},"size":2.8945939540863039,"orthographic":true}