{"cameraMode":{"drawMode":0,"name":"Shaded","section":"Shading Mode"},"sceneLighting":true,"audioPlay":false,"sceneViewState":{"m_AlwaysRefresh":false,"showFog":true,"showSkybox":true,"showFlares":true,"showImageEffects":true,"showParticleSystems":true,"showVisualEffectGraphs":true,"m_FxEnabled":true},"in2DMode":false,"pivot":{"x":-1.5128216743469239,"y":-18.080459594726564,"z":-20.259965896606447},"rotation":{"x":-0.016175074502825738,"y":0.9500539898872376,"z":-0.3076818287372589,"w":-0.049923889338970187},"size":22.667438507080079,"orthographic":false}