{"cameraMode":{"drawMode":0,"name":"Shaded","section":"Shading Mode"},"sceneLighting":true,"audioPlay":false,"sceneViewState":{"m_AlwaysRefresh":false,"showFog":true,"showSkybox":true,"showFlares":true,"showImageEffects":true,"showParticleSystems":true,"showVisualEffectGraphs":true,"m_FxEnabled":true},"in2DMode":false,"pivot":{"x":10.619494438171387,"y":-1.0246715545654297,"z":-7.448947906494141},"rotation":{"x":0.03786638006567955,"y":0.9587351083755493,"z":-0.15373654663562776,"w":0.23614312708377839},"size":12.753904342651368,"orthographic":false}