{"cameraMode":{"drawMode":0,"name":"Shaded","section":"Shading Mode"},"sceneLighting":true,"audioPlay":false,"sceneViewState":{"m_AlwaysRefresh":false,"showFog":true,"showSkybox":true,"showFlares":true,"showImageEffects":true,"showParticleSystems":true,"showVisualEffectGraphs":true,"m_FxEnabled":true},"in2DMode":false,"pivot":{"x":8.31308650970459,"y":7.106344223022461,"z":6.496097087860107},"rotation":{"x":-0.049761150032281879,"y":0.9102463126182556,"z":-0.11474648863077164,"w":-0.39475950598716738},"size":28.917095184326173,"orthographic":true}